<?xml version="1.0" encoding="UTF-8" ?>
<!DOCTYPE mapper PUBLIC "-//mybatis.org//DTD Mapper 3.0//EN" "http://mybatis.org/dtd/mybatis-3-mapper.dtd" >
<mapper namespace="com.yyk.dao.BaseCodeMapper" >
  <resultMap id="BaseResultMap" type="com.yyk.entity.BaseCode" >
    <id column="CODE" property="code" jdbcType="VARCHAR" />
    <result column="ID" property="id" jdbcType="INTEGER" />
    <result column="CODE_TYPE" property="codeType" jdbcType="VARCHAR" />
    <result column="DATA_NAME" property="dataName" jdbcType="VARCHAR" />
    <result column="ENABLE" property="enable" jdbcType="VARCHAR" />
    <result column="SORT" property="sort" jdbcType="INTEGER" />
    <result column="STATUS" property="status" jdbcType="INTEGER" />
    <result column="CREATE_TIME" property="createTime" jdbcType="DATE" />
    <result column="UPDATE_TIME" property="updateTime" jdbcType="DATE" />
    <result column="REMARK" property="remark" jdbcType="VARCHAR" />
  </resultMap>
  
   <resultMap id="BaseResultMapNew" type="com.yyk.dto.BaseCodeDTO.BaseCodeResDTO" extends="BaseResultMap" >
    <result column="ENABLE_NAME" property="enableName" jdbcType="VARCHAR" />
  </resultMap>
  <sql id="Example_Where_Clause" >
    <where >
      <foreach collection="oredCriteria" item="criteria" separator="or" >
        <if test="criteria.valid" >
          <trim prefix="(" suffix=")" prefixOverrides="and" >
            <foreach collection="criteria.criteria" item="criterion" >
              <choose >
                <when test="criterion.noValue" >
                  and ${criterion.condition}
                </when>
                <when test="criterion.singleValue" >
                  and ${criterion.condition} #{criterion.value}
                </when>
                <when test="criterion.betweenValue" >
                  and ${criterion.condition} #{criterion.value} and #{criterion.secondValue}
                </when>
                <when test="criterion.listValue" >
                  and ${criterion.condition}
                  <foreach collection="criterion.value" item="listItem" open="(" close=")" separator="," >
                    #{listItem}
                  </foreach>
                </when>
              </choose>
            </foreach>
          </trim>
        </if>
      </foreach>
    </where>
  </sql>
  <sql id="Update_By_Example_Where_Clause" >
    <where >
      <foreach collection="example.oredCriteria" item="criteria" separator="or" >
        <if test="criteria.valid" >
          <trim prefix="(" suffix=")" prefixOverrides="and" >
            <foreach collection="criteria.criteria" item="criterion" >
              <choose >
                <when test="criterion.noValue" >
                  and ${criterion.condition}
                </when>
                <when test="criterion.singleValue" >
                  and ${criterion.condition} #{criterion.value}
                </when>
                <when test="criterion.betweenValue" >
                  and ${criterion.condition} #{criterion.value} and #{criterion.secondValue}
                </when>
                <when test="criterion.listValue" >
                  and ${criterion.condition}
                  <foreach collection="criterion.value" item="listItem" open="(" close=")" separator="," >
                    #{listItem}
                  </foreach>
                </when>
              </choose>
            </foreach>
          </trim>
        </if>
      </foreach>
    </where>
  </sql>
  <sql id="Base_Column_List" >
    CODE, ID, CODE_TYPE, DATA_NAME, ENABLE, SORT, STATUS, CREATE_TIME, UPDATE_TIME, REMARK
  </sql>
  <select id="selectByExample" resultMap="BaseResultMap" parameterType="com.yyk.entity.BaseCodeCriteria" >
    select
    <if test="distinct" >
      distinct
    </if>
    'true' as QUERYID,
    <include refid="Base_Column_List" />
    from base_code
    <if test="_parameter != null" >
      <include refid="Example_Where_Clause" />
    </if>
    <if test="orderByClause != null" >
      order by ${orderByClause}
    </if>
  </select>
  <select id="selectByPrimaryKey" resultMap="BaseResultMap" parameterType="java.lang.String" >
    select 
    <include refid="Base_Column_List" />
    from base_code
    where CODE = #{code,jdbcType=VARCHAR}
  </select>
  <delete id="deleteByPrimaryKey" parameterType="java.lang.String" >
    delete from base_code
    where CODE = #{code,jdbcType=VARCHAR}
  </delete>
  <delete id="deleteByExample" parameterType="com.yyk.entity.BaseCodeCriteria" >
    delete from base_code
    <if test="_parameter != null" >
      <include refid="Example_Where_Clause" />
    </if>
  </delete>
  <insert id="insert" parameterType="com.yyk.entity.BaseCode" >
    insert into base_code (CODE, ID, CODE_TYPE, 
      DATA_NAME, ENABLE, SORT, 
      STATUS, CREATE_TIME, UPDATE_TIME, 
      REMARK)
    values (#{code,jdbcType=VARCHAR}, #{id,jdbcType=INTEGER}, #{codeType,jdbcType=VARCHAR}, 
      #{dataName,jdbcType=VARCHAR}, #{enable,jdbcType=VARCHAR}, #{sort,jdbcType=INTEGER}, 
      #{status,jdbcType=INTEGER}, #{createTime,jdbcType=DATE}, #{updateTime,jdbcType=DATE}, 
      #{remark,jdbcType=VARCHAR})
  </insert>
  <insert id="insertSelective" parameterType="com.yyk.entity.BaseCode" >
    insert into base_code
    <trim prefix="(" suffix=")" suffixOverrides="," >
      <if test="code != null" >
        CODE,
      </if>
      <if test="id != null" >
        ID,
      </if>
      <if test="codeType != null" >
        CODE_TYPE,
      </if>
      <if test="dataName != null" >
        DATA_NAME,
      </if>
      <if test="enable != null" >
        ENABLE,
      </if>
      <if test="sort != null" >
        SORT,
      </if>
      <if test="status != null" >
        STATUS,
      </if>
      <if test="createTime != null" >
        CREATE_TIME,
      </if>
      <if test="updateTime != null" >
        UPDATE_TIME,
      </if>
      <if test="remark != null" >
        REMARK,
      </if>
    </trim>
    <trim prefix="values (" suffix=")" suffixOverrides="," >
      <if test="code != null" >
        #{code,jdbcType=VARCHAR},
      </if>
      <if test="id != null" >
        #{id,jdbcType=INTEGER},
      </if>
      <if test="codeType != null" >
        #{codeType,jdbcType=VARCHAR},
      </if>
      <if test="dataName != null" >
        #{dataName,jdbcType=VARCHAR},
      </if>
      <if test="enable != null" >
        #{enable,jdbcType=VARCHAR},
      </if>
      <if test="sort != null" >
        #{sort,jdbcType=INTEGER},
      </if>
      <if test="status != null" >
        #{status,jdbcType=INTEGER},
      </if>
      <if test="createTime != null" >
        #{createTime,jdbcType=DATE},
      </if>
      <if test="updateTime != null" >
        #{updateTime,jdbcType=DATE},
      </if>
      <if test="remark != null" >
        #{remark,jdbcType=VARCHAR},
      </if>
    </trim>
  </insert>
  <select id="countByExample" parameterType="com.yyk.entity.BaseCodeCriteria" resultType="java.lang.Integer" >
    select count(*) from base_code
    <if test="_parameter != null" >
      <include refid="Example_Where_Clause" />
    </if>
  </select>
  <update id="updateByExampleSelective" parameterType="map" >
    update base_code
    <set >
      <if test="record.code != null" >
        CODE = #{record.code,jdbcType=VARCHAR},
      </if>
      <if test="record.id != null" >
        ID = #{record.id,jdbcType=INTEGER},
      </if>
      <if test="record.codeType != null" >
        CODE_TYPE = #{record.codeType,jdbcType=VARCHAR},
      </if>
      <if test="record.dataName != null" >
        DATA_NAME = #{record.dataName,jdbcType=VARCHAR},
      </if>
      <if test="record.enable != null" >
        ENABLE = #{record.enable,jdbcType=VARCHAR},
      </if>
      <if test="record.sort != null" >
        SORT = #{record.sort,jdbcType=INTEGER},
      </if>
      <if test="record.status != null" >
        STATUS = #{record.status,jdbcType=INTEGER},
      </if>
      <if test="record.createTime != null" >
        CREATE_TIME = #{record.createTime,jdbcType=DATE},
      </if>
      <if test="record.updateTime != null" >
        UPDATE_TIME = #{record.updateTime,jdbcType=DATE},
      </if>
      <if test="record.remark != null" >
        REMARK = #{record.remark,jdbcType=VARCHAR},
      </if>
    </set>
    <if test="_parameter != null" >
      <include refid="Update_By_Example_Where_Clause" />
    </if>
  </update>
  <update id="updateByExample" parameterType="map" >
    update base_code
    set CODE = #{record.code,jdbcType=VARCHAR},
      ID = #{record.id,jdbcType=INTEGER},
      CODE_TYPE = #{record.codeType,jdbcType=VARCHAR},
      DATA_NAME = #{record.dataName,jdbcType=VARCHAR},
      ENABLE = #{record.enable,jdbcType=VARCHAR},
      SORT = #{record.sort,jdbcType=INTEGER},
      STATUS = #{record.status,jdbcType=INTEGER},
      CREATE_TIME = #{record.createTime,jdbcType=DATE},
      UPDATE_TIME = #{record.updateTime,jdbcType=DATE},
      REMARK = #{record.remark,jdbcType=VARCHAR}
    <if test="_parameter != null" >
      <include refid="Update_By_Example_Where_Clause" />
    </if>
  </update>
  <update id="updateByPrimaryKeySelective" parameterType="com.yyk.entity.BaseCode" >
    update base_code
    <set >
      <if test="id != null" >
        ID = #{id,jdbcType=INTEGER},
      </if>
      <if test="codeType != null" >
        CODE_TYPE = #{codeType,jdbcType=VARCHAR},
      </if>
      <if test="dataName != null" >
        DATA_NAME = #{dataName,jdbcType=VARCHAR},
      </if>
      <if test="enable != null" >
        ENABLE = #{enable,jdbcType=VARCHAR},
      </if>
      <if test="sort != null" >
        SORT = #{sort,jdbcType=INTEGER},
      </if>
      <if test="status != null" >
        STATUS = #{status,jdbcType=INTEGER},
      </if>
      <if test="createTime != null" >
        CREATE_TIME = #{createTime,jdbcType=DATE},
      </if>
      <if test="updateTime != null" >
        UPDATE_TIME = #{updateTime,jdbcType=DATE},
      </if>
      <if test="remark != null" >
        REMARK = #{remark,jdbcType=VARCHAR},
      </if>
    </set>
    where CODE = #{code,jdbcType=VARCHAR}
  </update>
  <update id="updateByPrimaryKey" parameterType="com.yyk.entity.BaseCode" >
    update base_code
    set ID = #{id,jdbcType=INTEGER},
      CODE_TYPE = #{codeType,jdbcType=VARCHAR},
      DATA_NAME = #{dataName,jdbcType=VARCHAR},
      ENABLE = #{enable,jdbcType=VARCHAR},
      SORT = #{sort,jdbcType=INTEGER},
      STATUS = #{status,jdbcType=INTEGER},
      CREATE_TIME = #{createTime,jdbcType=DATE},
      UPDATE_TIME = #{updateTime,jdbcType=DATE},
      REMARK = #{remark,jdbcType=VARCHAR}
    where CODE = #{code,jdbcType=VARCHAR}
  </update>
  
  <select id="selectByExampleNew" resultMap="BaseResultMapNew" parameterType="com.yyk.entity.BaseCodeCriteria" >
  select t.CODE, t.ID, t.CODE_TYPE, t.DATA_NAME,b.DATA_NAME ENABLE_NAME,t.ENABLE, t.SORT, t.STATUS, t.CREATE_TIME, t.UPDATE_TIME, t.REMARK from (
    select
    <if test="distinct" >
      distinct
    </if>
    'true' as QUERYID,
    <include refid="Base_Column_List" />
    from base_code
    <if test="_parameter != null" >
      <include refid="Example_Where_Clause" />
    </if>
    <if test="orderByClause != null" >
      order by ${orderByClause}
    </if>) t
    left join base_code b on b.CODE=t.ENABLE and b.CODE_TYPE='YESORNO' and b.status=1
  </select>
</mapper>