<?xml version="1.0" encoding="UTF-8"?>
<!DOCTYPE mapper PUBLIC "-//mybatis.org//DTD Mapper 3.0//EN" "http://mybatis.org/dtd/mybatis-3-mapper.dtd">
<mapper namespace="com.yyk.dao.SysEmpMapper">
  <resultMap id="BaseResultMap" type="com.yyk.entity.SysEmp">
    <id column="EMP_ID" jdbcType="VARCHAR" property="empId" />
    <result column="ID" jdbcType="INTEGER" property="id" />
    <result column="EMP_CODE" jdbcType="VARCHAR" property="empCode" />
    <result column="EMP_NAME" jdbcType="VARCHAR" property="empName" />
    <result column="PASSWORD" jdbcType="VARCHAR" property="password" />
    <result column="PHONE" jdbcType="VARCHAR" property="phone" />
    <result column="ROLEID" jdbcType="INTEGER" property="roleid" />
    <result column="JOB_NAME" jdbcType="VARCHAR" property="jobName" />
    <result column="SEX" jdbcType="INTEGER" property="sex" />
    <result column="SAL" jdbcType="VARCHAR" property="sal" />
    <result column="ADDR" jdbcType="VARCHAR" property="addr" />
    <result column="STATUS" jdbcType="INTEGER" property="status" />
    <result column="CREATE_TIME" jdbcType="DATE" property="createTime" />
    <result column="UPDATE_TIME" jdbcType="DATE" property="updateTime" />
    <result column="REMARK" jdbcType="VARCHAR" property="remark" />
  </resultMap>
  <sql id="Example_Where_Clause">
    <where>
      <foreach collection="oredCriteria" item="criteria" separator="or">
        <if test="criteria.valid">
          <trim prefix="(" prefixOverrides="and" suffix=")">
            <foreach collection="criteria.criteria" item="criterion">
              <choose>
                <when test="criterion.noValue">
                  and ${criterion.condition}
                </when>
                <when test="criterion.singleValue">
                  and ${criterion.condition} #{criterion.value}
                </when>
                <when test="criterion.betweenValue">
                  and ${criterion.condition} #{criterion.value} and #{criterion.secondValue}
                </when>
                <when test="criterion.listValue">
                  and ${criterion.condition}
                  <foreach close=")" collection="criterion.value" item="listItem" open="(" separator=",">
                    #{listItem}
                  </foreach>
                </when>
              </choose>
            </foreach>
          </trim>
        </if>
      </foreach>
    </where>
  </sql>
  <sql id="Update_By_Example_Where_Clause">
    <where>
      <foreach collection="example.oredCriteria" item="criteria" separator="or">
        <if test="criteria.valid">
          <trim prefix="(" prefixOverrides="and" suffix=")">
            <foreach collection="criteria.criteria" item="criterion">
              <choose>
                <when test="criterion.noValue">
                  and ${criterion.condition}
                </when>
                <when test="criterion.singleValue">
                  and ${criterion.condition} #{criterion.value}
                </when>
                <when test="criterion.betweenValue">
                  and ${criterion.condition} #{criterion.value} and #{criterion.secondValue}
                </when>
                <when test="criterion.listValue">
                  and ${criterion.condition}
                  <foreach close=")" collection="criterion.value" item="listItem" open="(" separator=",">
                    #{listItem}
                  </foreach>
                </when>
              </choose>
            </foreach>
          </trim>
        </if>
      </foreach>
    </where>
  </sql>
  <sql id="Base_Column_List">
    EMP_ID, ID, EMP_CODE, EMP_NAME, PASSWORD, PHONE, ROLEID, JOB_NAME, SEX, SAL, ADDR, 
    STATUS, CREATE_TIME, UPDATE_TIME, REMARK
  </sql>
  <select id="selectByExample" parameterType="com.yyk.entity.SysEmpCriteria" resultMap="BaseResultMap">
    select
    <if test="distinct">
      distinct
    </if>
    'true' as QUERYID,
    <include refid="Base_Column_List" />
    from emp_table
    <if test="_parameter != null">
      <include refid="Example_Where_Clause" />
    </if>
    <if test="orderByClause != null">
      order by ${orderByClause}
    </if>
  </select>
  <select id="selectByPrimaryKey" parameterType="java.lang.String" resultMap="BaseResultMap">
    select 
    <include refid="Base_Column_List" />
    from emp_table
    where EMP_ID = #{empId,jdbcType=VARCHAR}
  </select>
  <delete id="deleteByPrimaryKey" parameterType="java.lang.String">
    delete from emp_table
    where EMP_ID = #{empId,jdbcType=VARCHAR}
  </delete>
  <delete id="deleteByExample" parameterType="com.yyk.entity.SysEmpCriteria">
    delete from emp_table
    <if test="_parameter != null">
      <include refid="Example_Where_Clause" />
    </if>
  </delete>
  <insert id="insert" parameterType="com.yyk.entity.SysEmp">
    insert into emp_table (EMP_ID, ID, EMP_CODE, 
      EMP_NAME, PASSWORD, PHONE, 
      ROLEID, JOB_NAME, SEX, 
      SAL, ADDR, STATUS, 
      CREATE_TIME, UPDATE_TIME, REMARK
      )
    values (#{empId,jdbcType=VARCHAR}, #{id,jdbcType=INTEGER}, #{empCode,jdbcType=VARCHAR}, 
      #{empName,jdbcType=VARCHAR}, #{password,jdbcType=VARCHAR}, #{phone,jdbcType=VARCHAR}, 
      #{roleid,jdbcType=INTEGER}, #{jobName,jdbcType=VARCHAR}, #{sex,jdbcType=INTEGER}, 
      #{sal,jdbcType=VARCHAR}, #{addr,jdbcType=VARCHAR}, #{status,jdbcType=INTEGER}, 
      #{createTime,jdbcType=DATE}, #{updateTime,jdbcType=DATE}, #{remark,jdbcType=VARCHAR}
      )
  </insert>
  <insert id="insertSelective" parameterType="com.yyk.entity.SysEmp">
    insert into emp_table
    <trim prefix="(" suffix=")" suffixOverrides=",">
      <if test="empId != null">
        EMP_ID,
      </if>
      <if test="id != null">
        ID,
      </if>
      <if test="empCode != null">
        EMP_CODE,
      </if>
      <if test="empName != null">
        EMP_NAME,
      </if>
      <if test="password != null">
        PASSWORD,
      </if>
      <if test="phone != null">
        PHONE,
      </if>
      <if test="roleid != null">
        ROLEID,
      </if>
      <if test="jobName != null">
        JOB_NAME,
      </if>
      <if test="sex != null">
        SEX,
      </if>
      <if test="sal != null">
        SAL,
      </if>
      <if test="addr != null">
        ADDR,
      </if>
      <if test="status != null">
        STATUS,
      </if>
      <if test="createTime != null">
        CREATE_TIME,
      </if>
      <if test="updateTime != null">
        UPDATE_TIME,
      </if>
      <if test="remark != null">
        REMARK,
      </if>
    </trim>
    <trim prefix="values (" suffix=")" suffixOverrides=",">
      <if test="empId != null">
        #{empId,jdbcType=VARCHAR},
      </if>
      <if test="id != null">
        #{id,jdbcType=INTEGER},
      </if>
      <if test="empCode != null">
        #{empCode,jdbcType=VARCHAR},
      </if>
      <if test="empName != null">
        #{empName,jdbcType=VARCHAR},
      </if>
      <if test="password != null">
        #{password,jdbcType=VARCHAR},
      </if>
      <if test="phone != null">
        #{phone,jdbcType=VARCHAR},
      </if>
      <if test="roleid != null">
        #{roleid,jdbcType=INTEGER},
      </if>
      <if test="jobName != null">
        #{jobName,jdbcType=VARCHAR},
      </if>
      <if test="sex != null">
        #{sex,jdbcType=INTEGER},
      </if>
      <if test="sal != null">
        #{sal,jdbcType=VARCHAR},
      </if>
      <if test="addr != null">
        #{addr,jdbcType=VARCHAR},
      </if>
      <if test="status != null">
        #{status,jdbcType=INTEGER},
      </if>
      <if test="createTime != null">
        #{createTime,jdbcType=DATE},
      </if>
      <if test="updateTime != null">
        #{updateTime,jdbcType=DATE},
      </if>
      <if test="remark != null">
        #{remark,jdbcType=VARCHAR},
      </if>
    </trim>
  </insert>
  <select id="countByExample" parameterType="com.yyk.entity.SysEmpCriteria" resultType="java.lang.Integer">
    select count(*) from emp_table
    <if test="_parameter != null">
      <include refid="Example_Where_Clause" />
    </if>
  </select>
  <update id="updateByExampleSelective" parameterType="map">
    update emp_table
    <set>
      <if test="record.empId != null">
        EMP_ID = #{record.empId,jdbcType=VARCHAR},
      </if>
      <if test="record.id != null">
        ID = #{record.id,jdbcType=INTEGER},
      </if>
      <if test="record.empCode != null">
        EMP_CODE = #{record.empCode,jdbcType=VARCHAR},
      </if>
      <if test="record.empName != null">
        EMP_NAME = #{record.empName,jdbcType=VARCHAR},
      </if>
      <if test="record.password != null">
        PASSWORD = #{record.password,jdbcType=VARCHAR},
      </if>
      <if test="record.phone != null">
        PHONE = #{record.phone,jdbcType=VARCHAR},
      </if>
      <if test="record.roleid != null">
        ROLEID = #{record.roleid,jdbcType=INTEGER},
      </if>
      <if test="record.jobName != null">
        JOB_NAME = #{record.jobName,jdbcType=VARCHAR},
      </if>
      <if test="record.sex != null">
        SEX = #{record.sex,jdbcType=INTEGER},
      </if>
      <if test="record.sal != null">
        SAL = #{record.sal,jdbcType=VARCHAR},
      </if>
      <if test="record.addr != null">
        ADDR = #{record.addr,jdbcType=VARCHAR},
      </if>
      <if test="record.status != null">
        STATUS = #{record.status,jdbcType=INTEGER},
      </if>
      <if test="record.createTime != null">
        CREATE_TIME = #{record.createTime,jdbcType=DATE},
      </if>
      <if test="record.updateTime != null">
        UPDATE_TIME = #{record.updateTime,jdbcType=DATE},
      </if>
      <if test="record.remark != null">
        REMARK = #{record.remark,jdbcType=VARCHAR},
      </if>
    </set>
    <if test="_parameter != null">
      <include refid="Update_By_Example_Where_Clause" />
    </if>
  </update>
  <update id="updateByExample" parameterType="map">
    update emp_table
    set EMP_ID = #{record.empId,jdbcType=VARCHAR},
      ID = #{record.id,jdbcType=INTEGER},
      EMP_CODE = #{record.empCode,jdbcType=VARCHAR},
      EMP_NAME = #{record.empName,jdbcType=VARCHAR},
      PASSWORD = #{record.password,jdbcType=VARCHAR},
      PHONE = #{record.phone,jdbcType=VARCHAR},
      ROLEID = #{record.roleid,jdbcType=INTEGER},
      JOB_NAME = #{record.jobName,jdbcType=VARCHAR},
      SEX = #{record.sex,jdbcType=INTEGER},
      SAL = #{record.sal,jdbcType=VARCHAR},
      ADDR = #{record.addr,jdbcType=VARCHAR},
      STATUS = #{record.status,jdbcType=INTEGER},
      CREATE_TIME = #{record.createTime,jdbcType=DATE},
      UPDATE_TIME = #{record.updateTime,jdbcType=DATE},
      REMARK = #{record.remark,jdbcType=VARCHAR}
    <if test="_parameter != null">
      <include refid="Update_By_Example_Where_Clause" />
    </if>
  </update>
  <update id="updateByPrimaryKeySelective" parameterType="com.yyk.entity.SysEmp">
    update emp_table
    <set>
      <if test="id != null">
        ID = #{id,jdbcType=INTEGER},
      </if>
      <if test="empCode != null">
        EMP_CODE = #{empCode,jdbcType=VARCHAR},
      </if>
      <if test="empName != null">
        EMP_NAME = #{empName,jdbcType=VARCHAR},
      </if>
      <if test="password != null">
        PASSWORD = #{password,jdbcType=VARCHAR},
      </if>
      <if test="phone != null">
        PHONE = #{phone,jdbcType=VARCHAR},
      </if>
      <if test="roleid != null">
        ROLEID = #{roleid,jdbcType=INTEGER},
      </if>
      <if test="jobName != null">
        JOB_NAME = #{jobName,jdbcType=VARCHAR},
      </if>
      <if test="sex != null">
        SEX = #{sex,jdbcType=INTEGER},
      </if>
      <if test="sal != null">
        SAL = #{sal,jdbcType=VARCHAR},
      </if>
      <if test="addr != null">
        ADDR = #{addr,jdbcType=VARCHAR},
      </if>
      <if test="status != null">
        STATUS = #{status,jdbcType=INTEGER},
      </if>
      <if test="createTime != null">
        CREATE_TIME = #{createTime,jdbcType=DATE},
      </if>
      <if test="updateTime != null">
        UPDATE_TIME = #{updateTime,jdbcType=DATE},
      </if>
      <if test="remark != null">
        REMARK = #{remark,jdbcType=VARCHAR},
      </if>
    </set>
    where EMP_ID = #{empId,jdbcType=VARCHAR}
  </update>
  <update id="updateByPrimaryKey" parameterType="com.yyk.entity.SysEmp">
    update emp_table
    set ID = #{id,jdbcType=INTEGER},
      EMP_CODE = #{empCode,jdbcType=VARCHAR},
      EMP_NAME = #{empName,jdbcType=VARCHAR},
      PASSWORD = #{password,jdbcType=VARCHAR},
      PHONE = #{phone,jdbcType=VARCHAR},
      ROLEID = #{roleid,jdbcType=INTEGER},
      JOB_NAME = #{jobName,jdbcType=VARCHAR},
      SEX = #{sex,jdbcType=INTEGER},
      SAL = #{sal,jdbcType=VARCHAR},
      ADDR = #{addr,jdbcType=VARCHAR},
      STATUS = #{status,jdbcType=INTEGER},
      CREATE_TIME = #{createTime,jdbcType=DATE},
      UPDATE_TIME = #{updateTime,jdbcType=DATE},
      REMARK = #{remark,jdbcType=VARCHAR}
    where EMP_ID = #{empId,jdbcType=VARCHAR}
  </update>
  
  
   <select id="selectByExampleNew" parameterType="com.yyk.entity.SysEmpCriteria" resultMap="BaseResultMap">
   SELECT e.EMP_ID,e.EMP_NAME,e.EMP_CODE,GROUP_CONCAT(j.JOB_NAME)JOB_NAME,e.ADDR,e.PHONE,e.SAL,e.SEX,e.ROLEID,e.REMARK,e.CREATE_TIME,e.UPDATE_TIME from
   (
    select
    <if test="distinct">
      distinct
    </if>
    'true' as QUERYID,
    <include refid="Base_Column_List" />
    from emp_table
    <if test="_parameter != null">
      <include refid="Example_Where_Clause" />
    </if>
    <if test="orderByClause != null">
      order by ${orderByClause}
    </if>)e
    LEFT JOIN emp_job_table ej on e.EMP_ID=ej.EMP_ID and ej.`STATUS`=1
    LEFT JOIN job_table j on ej.JOB_ID=j.JOB_ID and j.`STATUS`=1 GROUP BY e.EMP_ID
  </select>
</mapper>








