<?xml version="1.0" encoding="UTF-8" ?>
<!DOCTYPE mapper PUBLIC "-//mybatis.org//DTD Mapper 3.0//EN" "http://mybatis.org/dtd/mybatis-3-mapper.dtd" >
<mapper namespace="com.yyk.dao.SysEmpJobMapper" >
  <resultMap id="BaseResultMap" type="com.yyk.entity.SysEmpJob" >
    <id column="EMP_JOB_ID" property="empJobId" jdbcType="VARCHAR" />
    <result column="ID" property="id" jdbcType="INTEGER" />
    <result column="EMP_ID" property="empId" jdbcType="VARCHAR" />
    <result column="JOB_ID" property="jobId" jdbcType="VARCHAR" />
    <result column="JOB_CODE" property="jobCode" jdbcType="VARCHAR" />
    <result column="STATUS" property="status" jdbcType="INTEGER" />
    <result column="CREATE_TIME" property="createTime" jdbcType="DATE" />
    <result column="UPDATE_TIME" property="updateTime" jdbcType="DATE" />
    <result column="REMARK" property="remark" jdbcType="VARCHAR" />
  </resultMap>
  <sql id="Example_Where_Clause" >
    <where >
      <foreach collection="oredCriteria" item="criteria" separator="or" >
        <if test="criteria.valid" >
          <trim prefix="(" suffix=")" prefixOverrides="and" >
            <foreach collection="criteria.criteria" item="criterion" >
              <choose >
                <when test="criterion.noValue" >
                  and ${criterion.condition}
                </when>
                <when test="criterion.singleValue" >
                  and ${criterion.condition} #{criterion.value}
                </when>
                <when test="criterion.betweenValue" >
                  and ${criterion.condition} #{criterion.value} and #{criterion.secondValue}
                </when>
                <when test="criterion.listValue" >
                  and ${criterion.condition}
                  <foreach collection="criterion.value" item="listItem" open="(" close=")" separator="," >
                    #{listItem}
                  </foreach>
                </when>
              </choose>
            </foreach>
          </trim>
        </if>
      </foreach>
    </where>
  </sql>
  <sql id="Update_By_Example_Where_Clause" >
    <where >
      <foreach collection="example.oredCriteria" item="criteria" separator="or" >
        <if test="criteria.valid" >
          <trim prefix="(" suffix=")" prefixOverrides="and" >
            <foreach collection="criteria.criteria" item="criterion" >
              <choose >
                <when test="criterion.noValue" >
                  and ${criterion.condition}
                </when>
                <when test="criterion.singleValue" >
                  and ${criterion.condition} #{criterion.value}
                </when>
                <when test="criterion.betweenValue" >
                  and ${criterion.condition} #{criterion.value} and #{criterion.secondValue}
                </when>
                <when test="criterion.listValue" >
                  and ${criterion.condition}
                  <foreach collection="criterion.value" item="listItem" open="(" close=")" separator="," >
                    #{listItem}
                  </foreach>
                </when>
              </choose>
            </foreach>
          </trim>
        </if>
      </foreach>
    </where>
  </sql>
  <sql id="Base_Column_List" >
    EMP_JOB_ID, ID, EMP_ID, JOB_ID, JOB_CODE, STATUS, CREATE_TIME, UPDATE_TIME, REMARK
  </sql>
  <select id="selectByExample" resultMap="BaseResultMap" parameterType="com.yyk.entity.SysEmpJobCriteria" >
    select
    <if test="distinct" >
      distinct
    </if>
    'true' as QUERYID,
    <include refid="Base_Column_List" />
    from emp_job_table
    <if test="_parameter != null" >
      <include refid="Example_Where_Clause" />
    </if>
    <if test="orderByClause != null" >
      order by ${orderByClause}
    </if>
  </select>
  <select id="selectByPrimaryKey" resultMap="BaseResultMap" parameterType="java.lang.String" >
    select 
    <include refid="Base_Column_List" />
    from emp_job_table
    where EMP_JOB_ID = #{empJobId,jdbcType=VARCHAR}
  </select>
  <delete id="deleteByPrimaryKey" parameterType="java.lang.String" >
    delete from emp_job_table
    where EMP_JOB_ID = #{empJobId,jdbcType=VARCHAR}
  </delete>
  <delete id="deleteByExample" parameterType="com.yyk.entity.SysEmpJobCriteria" >
    delete from emp_job_table
    <if test="_parameter != null" >
      <include refid="Example_Where_Clause" />
    </if>
  </delete>
  <insert id="insert" parameterType="com.yyk.entity.SysEmpJob" >
    insert into emp_job_table (EMP_JOB_ID, ID, EMP_ID, 
      JOB_ID, JOB_CODE, STATUS, 
      CREATE_TIME, UPDATE_TIME, REMARK
      )
    values (#{empJobId,jdbcType=VARCHAR}, #{id,jdbcType=INTEGER}, #{empId,jdbcType=VARCHAR}, 
      #{jobId,jdbcType=VARCHAR}, #{jobCode,jdbcType=VARCHAR}, #{status,jdbcType=INTEGER}, 
      #{createTime,jdbcType=DATE}, #{updateTime,jdbcType=DATE}, #{remark,jdbcType=VARCHAR}
      )
  </insert>
  <insert id="insertSelective" parameterType="com.yyk.entity.SysEmpJob" >
    insert into emp_job_table
    <trim prefix="(" suffix=")" suffixOverrides="," >
      <if test="empJobId != null" >
        EMP_JOB_ID,
      </if>
      <if test="id != null" >
        ID,
      </if>
      <if test="empId != null" >
        EMP_ID,
      </if>
      <if test="jobId != null" >
        JOB_ID,
      </if>
      <if test="jobCode != null" >
        JOB_CODE,
      </if>
      <if test="status != null" >
        STATUS,
      </if>
      <if test="createTime != null" >
        CREATE_TIME,
      </if>
      <if test="updateTime != null" >
        UPDATE_TIME,
      </if>
      <if test="remark != null" >
        REMARK,
      </if>
    </trim>
    <trim prefix="values (" suffix=")" suffixOverrides="," >
      <if test="empJobId != null" >
        #{empJobId,jdbcType=VARCHAR},
      </if>
      <if test="id != null" >
        #{id,jdbcType=INTEGER},
      </if>
      <if test="empId != null" >
        #{empId,jdbcType=VARCHAR},
      </if>
      <if test="jobId != null" >
        #{jobId,jdbcType=VARCHAR},
      </if>
      <if test="jobCode != null" >
        #{jobCode,jdbcType=VARCHAR},
      </if>
      <if test="status != null" >
        #{status,jdbcType=INTEGER},
      </if>
      <if test="createTime != null" >
        #{createTime,jdbcType=DATE},
      </if>
      <if test="updateTime != null" >
        #{updateTime,jdbcType=DATE},
      </if>
      <if test="remark != null" >
        #{remark,jdbcType=VARCHAR},
      </if>
    </trim>
  </insert>
  <select id="countByExample" parameterType="com.yyk.entity.SysEmpJobCriteria" resultType="java.lang.Integer" >
    select count(*) from emp_job_table
    <if test="_parameter != null" >
      <include refid="Example_Where_Clause" />
    </if>
  </select>
  <update id="updateByExampleSelective" parameterType="map" >
    update emp_job_table
    <set >
      <if test="record.empJobId != null" >
        EMP_JOB_ID = #{record.empJobId,jdbcType=VARCHAR},
      </if>
      <if test="record.id != null" >
        ID = #{record.id,jdbcType=INTEGER},
      </if>
      <if test="record.empId != null" >
        EMP_ID = #{record.empId,jdbcType=VARCHAR},
      </if>
      <if test="record.jobId != null" >
        JOB_ID = #{record.jobId,jdbcType=VARCHAR},
      </if>
      <if test="record.jobCode != null" >
        JOB_CODE = #{record.jobCode,jdbcType=VARCHAR},
      </if>
      <if test="record.status != null" >
        STATUS = #{record.status,jdbcType=INTEGER},
      </if>
      <if test="record.createTime != null" >
        CREATE_TIME = #{record.createTime,jdbcType=DATE},
      </if>
      <if test="record.updateTime != null" >
        UPDATE_TIME = #{record.updateTime,jdbcType=DATE},
      </if>
      <if test="record.remark != null" >
        REMARK = #{record.remark,jdbcType=VARCHAR},
      </if>
    </set>
    <if test="_parameter != null" >
      <include refid="Update_By_Example_Where_Clause" />
    </if>
  </update>
  <update id="updateByExample" parameterType="map" >
    update emp_job_table
    set EMP_JOB_ID = #{record.empJobId,jdbcType=VARCHAR},
      ID = #{record.id,jdbcType=INTEGER},
      EMP_ID = #{record.empId,jdbcType=VARCHAR},
      JOB_ID = #{record.jobId,jdbcType=VARCHAR},
      JOB_CODE = #{record.jobCode,jdbcType=VARCHAR},
      STATUS = #{record.status,jdbcType=INTEGER},
      CREATE_TIME = #{record.createTime,jdbcType=DATE},
      UPDATE_TIME = #{record.updateTime,jdbcType=DATE},
      REMARK = #{record.remark,jdbcType=VARCHAR}
    <if test="_parameter != null" >
      <include refid="Update_By_Example_Where_Clause" />
    </if>
  </update>
  <update id="updateByPrimaryKeySelective" parameterType="com.yyk.entity.SysEmpJob" >
    update emp_job_table
    <set >
      <if test="id != null" >
        ID = #{id,jdbcType=INTEGER},
      </if>
      <if test="empId != null" >
        EMP_ID = #{empId,jdbcType=VARCHAR},
      </if>
      <if test="jobId != null" >
        JOB_ID = #{jobId,jdbcType=VARCHAR},
      </if>
      <if test="jobCode != null" >
        JOB_CODE = #{jobCode,jdbcType=VARCHAR},
      </if>
      <if test="status != null" >
        STATUS = #{status,jdbcType=INTEGER},
      </if>
      <if test="createTime != null" >
        CREATE_TIME = #{createTime,jdbcType=DATE},
      </if>
      <if test="updateTime != null" >
        UPDATE_TIME = #{updateTime,jdbcType=DATE},
      </if>
      <if test="remark != null" >
        REMARK = #{remark,jdbcType=VARCHAR},
      </if>
    </set>
    where EMP_JOB_ID = #{empJobId,jdbcType=VARCHAR}
  </update>
  <update id="updateByPrimaryKey" parameterType="com.yyk.entity.SysEmpJob" >
    update emp_job_table
    set ID = #{id,jdbcType=INTEGER},
      EMP_ID = #{empId,jdbcType=VARCHAR},
      JOB_ID = #{jobId,jdbcType=VARCHAR},
      JOB_CODE = #{jobCode,jdbcType=VARCHAR},
      STATUS = #{status,jdbcType=INTEGER},
      CREATE_TIME = #{createTime,jdbcType=DATE},
      UPDATE_TIME = #{updateTime,jdbcType=DATE},
      REMARK = #{remark,jdbcType=VARCHAR}
    where EMP_JOB_ID = #{empJobId,jdbcType=VARCHAR}
  </update>
  
  
  <insert id="insertByBatch" parameterType="com.yyk.entity.SysEmpJob" >
    insert into emp_job_table
    <trim prefix="(" suffix=")" suffixOverrides="," >
    EMP_JOB_ID, ID, EMP_ID, JOB_ID, JOB_CODE, STATUS, CREATE_TIME, UPDATE_TIME, REMARK
    </trim>
    <trim prefix="values" suffix="" suffixOverrides="," >
    <foreach collection="list" item="item" index="index" separator=",">
    <trim prefix="(" suffix=")" suffixOverrides="," >
      <if test="item.empJobId != null" >
        #{item.empJobId,jdbcType=VARCHAR},
      </if>
      <if test="item.empJobId == null" >
        null,
      </if>
      <if test="item.id != null" >
        #{item.id,jdbcType=INTEGER},
      </if>
      <if test="item.id == null" >
        null,
      </if>
      <if test="item.empId != null" >
        #{item.empId,jdbcType=VARCHAR},
      </if>
      <if test="item.empId == null" >
       null,
      </if>
      <if test="item.jobId != null" >
        #{item.jobId,jdbcType=VARCHAR},
      </if>
      <if test="item.jobId == null" >
       null,
      </if>
      <if test="item.jobCode != null" >
        #{item.jobCode,jdbcType=VARCHAR},
      </if>
      <if test="item.jobCode == null" >
        null,
      </if>
      <if test="item.status != null" >
        #{item.status,jdbcType=INTEGER},
      </if>
       <if test="item.status == null" >
        null,
      </if>
      <if test="item.createTime != null" >
        #{item.createTime,jdbcType=DATE},
      </if>
      <if test="item.createTime == null" >
        null,
      </if>
      <if test="item.updateTime != null" >
        #{item.updateTime,jdbcType=DATE},
      </if>
      <if test="item.updateTime == null" >
        null,
      </if>
      <if test="item.remark != null" >
        #{item.remark,jdbcType=VARCHAR},
      </if>
      <if test="item.remark == null" >
        null,
      </if>
      </trim>
     </foreach>
    </trim>
  </insert>
</mapper>