<?xml version="1.0" encoding="UTF-8"?>
<!DOCTYPE mapper PUBLIC "-//mybatis.org//DTD Mapper 3.0//EN" "http://mybatis.org/dtd/mybatis-3-mapper.dtd">
<mapper namespace="com.yyk.dao.SysOrderMapper">
  <resultMap id="BaseResultMap" type="com.yyk.entity.SysOrder">
    <id column="ORDER_ID" jdbcType="VARCHAR" property="orderId" />
    <result column="ID" jdbcType="INTEGER" property="id" />
    <result column="USER_NAME" jdbcType="VARCHAR" property="userName" />
    <result column="SHIPP_ADDRE" jdbcType="VARCHAR" property="shippAddre" />
    <result column="SHIPP_PHONE" jdbcType="VARCHAR" property="shippPhone" />
    <result column="PAY_METHOD" jdbcType="VARCHAR" property="payMethod" />
    <result column="FREIGHT" jdbcType="INTEGER" property="freight" />
    <result column="CONSIGNEE_NAME" jdbcType="VARCHAR" property="consigneeName" />
    <result column="RECE_ADDR" jdbcType="VARCHAR" property="receAddr" />
    <result column="RECE_PHONE" jdbcType="VARCHAR" property="recePhone" />
    <result column="ORDER_STATUS" jdbcType="INTEGER" property="orderStatus" />
    <result column="STATUS" jdbcType="INTEGER" property="status" />
    <result column="CREATE_TIME" jdbcType="DATE" property="createTime" />
    <result column="UPDATE_TIME" jdbcType="DATE" property="updateTime" />
    <result column="REMARK" jdbcType="VARCHAR" property="remark" />
  </resultMap>
  
  <resultMap id="BaseResultMapNew" type="com.yyk.dto.OrderDTO.CheckOrderResDTO" extends="BaseResultMap">
   <result column="ORDER_STATUS_NAME" jdbcType="VARCHAR" property="orderStatusName" />
   <result column="PAY_METHOD_NAME" jdbcType="VARCHAR" property="payMethodName" />
  </resultMap>
  <sql id="Example_Where_Clause">
    <where>
      <foreach collection="oredCriteria" item="criteria" separator="or">
        <if test="criteria.valid">
          <trim prefix="(" prefixOverrides="and" suffix=")">
            <foreach collection="criteria.criteria" item="criterion">
              <choose>
                <when test="criterion.noValue">
                  and ${criterion.condition}
                </when>
                <when test="criterion.singleValue">
                  and ${criterion.condition} #{criterion.value}
                </when>
                <when test="criterion.betweenValue">
                  and ${criterion.condition} #{criterion.value} and #{criterion.secondValue}
                </when>
                <when test="criterion.listValue">
                  and ${criterion.condition}
                  <foreach close=")" collection="criterion.value" item="listItem" open="(" separator=",">
                    #{listItem}
                  </foreach>
                </when>
              </choose>
            </foreach>
          </trim>
        </if>
      </foreach>
    </where>
  </sql>
  <sql id="Update_By_Example_Where_Clause">
    <where>
      <foreach collection="example.oredCriteria" item="criteria" separator="or">
        <if test="criteria.valid">
          <trim prefix="(" prefixOverrides="and" suffix=")">
            <foreach collection="criteria.criteria" item="criterion">
              <choose>
                <when test="criterion.noValue">
                  and ${criterion.condition}
                </when>
                <when test="criterion.singleValue">
                  and ${criterion.condition} #{criterion.value}
                </when>
                <when test="criterion.betweenValue">
                  and ${criterion.condition} #{criterion.value} and #{criterion.secondValue}
                </when>
                <when test="criterion.listValue">
                  and ${criterion.condition}
                  <foreach close=")" collection="criterion.value" item="listItem" open="(" separator=",">
                    #{listItem}
                  </foreach>
                </when>
              </choose>
            </foreach>
          </trim>
        </if>
      </foreach>
    </where>
  </sql>
  <sql id="Base_Column_List">
    ORDER_ID, ID, USER_NAME, SHIPP_ADDRE, SHIPP_PHONE, PAY_METHOD, FREIGHT, CONSIGNEE_NAME, 
    RECE_ADDR, RECE_PHONE, ORDER_STATUS, STATUS, CREATE_TIME, UPDATE_TIME, REMARK
  </sql>
  <select id="selectByExample" parameterType="com.yyk.entity.SysOrderCriteria" resultMap="BaseResultMap">
    select
    <if test="distinct">
      distinct
    </if>
    'true' as QUERYID,
    <include refid="Base_Column_List" />
    from order_table
    <if test="_parameter != null">
      <include refid="Example_Where_Clause" />
    </if>
    <if test="orderByClause != null">
      order by ${orderByClause}
    </if>
  </select>
  <select id="selectByPrimaryKey" parameterType="java.lang.String" resultMap="BaseResultMap">
    select 
    <include refid="Base_Column_List" />
    from order_table
    where ORDER_ID = #{orderId,jdbcType=VARCHAR}
  </select>
  <delete id="deleteByPrimaryKey" parameterType="java.lang.String">
    delete from order_table
    where ORDER_ID = #{orderId,jdbcType=VARCHAR}
  </delete>
  <delete id="deleteByExample" parameterType="com.yyk.entity.SysOrderCriteria">
    delete from order_table
    <if test="_parameter != null">
      <include refid="Example_Where_Clause" />
    </if>
  </delete>
  <insert id="insert" parameterType="com.yyk.entity.SysOrder">
    insert into order_table (ORDER_ID, ID, USER_NAME, 
      SHIPP_ADDRE, SHIPP_PHONE, PAY_METHOD, 
      FREIGHT, CONSIGNEE_NAME, RECE_ADDR, 
      RECE_PHONE, ORDER_STATUS, STATUS, 
      CREATE_TIME, UPDATE_TIME, REMARK
      )
    values (#{orderId,jdbcType=VARCHAR}, #{id,jdbcType=INTEGER}, #{userName,jdbcType=VARCHAR}, 
      #{shippAddre,jdbcType=VARCHAR}, #{shippPhone,jdbcType=VARCHAR}, #{payMethod,jdbcType=VARCHAR}, 
      #{freight,jdbcType=INTEGER}, #{consigneeName,jdbcType=VARCHAR}, #{receAddr,jdbcType=VARCHAR}, 
      #{recePhone,jdbcType=VARCHAR}, #{orderStatus,jdbcType=INTEGER}, #{status,jdbcType=INTEGER}, 
      #{createTime,jdbcType=DATE}, #{updateTime,jdbcType=DATE}, #{remark,jdbcType=VARCHAR}
      )
  </insert>
  <insert id="insertSelective" parameterType="com.yyk.entity.SysOrder">
    insert into order_table
    <trim prefix="(" suffix=")" suffixOverrides=",">
      <if test="orderId != null">
        ORDER_ID,
      </if>
      <if test="id != null">
        ID,
      </if>
      <if test="userName != null">
        USER_NAME,
      </if>
      <if test="shippAddre != null">
        SHIPP_ADDRE,
      </if>
      <if test="shippPhone != null">
        SHIPP_PHONE,
      </if>
      <if test="payMethod != null">
        PAY_METHOD,
      </if>
      <if test="freight != null">
        FREIGHT,
      </if>
      <if test="consigneeName != null">
        CONSIGNEE_NAME,
      </if>
      <if test="receAddr != null">
        RECE_ADDR,
      </if>
      <if test="recePhone != null">
        RECE_PHONE,
      </if>
      <if test="orderStatus != null">
        ORDER_STATUS,
      </if>
      <if test="status != null">
        STATUS,
      </if>
      <if test="createTime != null">
        CREATE_TIME,
      </if>
      <if test="updateTime != null">
        UPDATE_TIME,
      </if>
      <if test="remark != null">
        REMARK,
      </if>
    </trim>
    <trim prefix="values (" suffix=")" suffixOverrides=",">
      <if test="orderId != null">
        #{orderId,jdbcType=VARCHAR},
      </if>
      <if test="id != null">
        #{id,jdbcType=INTEGER},
      </if>
      <if test="userName != null">
        #{userName,jdbcType=VARCHAR},
      </if>
      <if test="shippAddre != null">
        #{shippAddre,jdbcType=VARCHAR},
      </if>
      <if test="shippPhone != null">
        #{shippPhone,jdbcType=VARCHAR},
      </if>
      <if test="payMethod != null">
        #{payMethod,jdbcType=VARCHAR},
      </if>
      <if test="freight != null">
        #{freight,jdbcType=INTEGER},
      </if>
      <if test="consigneeName != null">
        #{consigneeName,jdbcType=VARCHAR},
      </if>
      <if test="receAddr != null">
        #{receAddr,jdbcType=VARCHAR},
      </if>
      <if test="recePhone != null">
        #{recePhone,jdbcType=VARCHAR},
      </if>
      <if test="orderStatus != null">
        #{orderStatus,jdbcType=INTEGER},
      </if>
      <if test="status != null">
        #{status,jdbcType=INTEGER},
      </if>
      <if test="createTime != null">
        #{createTime,jdbcType=DATE},
      </if>
      <if test="updateTime != null">
        #{updateTime,jdbcType=DATE},
      </if>
      <if test="remark != null">
        #{remark,jdbcType=VARCHAR},
      </if>
    </trim>
  </insert>
  <select id="countByExample" parameterType="com.yyk.entity.SysOrderCriteria" resultType="java.lang.Integer">
    select count(*) from order_table
    <if test="_parameter != null">
      <include refid="Example_Where_Clause" />
    </if>
  </select>
  <update id="updateByExampleSelective" parameterType="map">
    update order_table
    <set>
      <if test="record.orderId != null">
        ORDER_ID = #{record.orderId,jdbcType=VARCHAR},
      </if>
      <if test="record.id != null">
        ID = #{record.id,jdbcType=INTEGER},
      </if>
      <if test="record.userName != null">
        USER_NAME = #{record.userName,jdbcType=VARCHAR},
      </if>
      <if test="record.shippAddre != null">
        SHIPP_ADDRE = #{record.shippAddre,jdbcType=VARCHAR},
      </if>
      <if test="record.shippPhone != null">
        SHIPP_PHONE = #{record.shippPhone,jdbcType=VARCHAR},
      </if>
      <if test="record.payMethod != null">
        PAY_METHOD = #{record.payMethod,jdbcType=VARCHAR},
      </if>
      <if test="record.freight != null">
        FREIGHT = #{record.freight,jdbcType=INTEGER},
      </if>
      <if test="record.consigneeName != null">
        CONSIGNEE_NAME = #{record.consigneeName,jdbcType=VARCHAR},
      </if>
      <if test="record.receAddr != null">
        RECE_ADDR = #{record.receAddr,jdbcType=VARCHAR},
      </if>
      <if test="record.recePhone != null">
        RECE_PHONE = #{record.recePhone,jdbcType=VARCHAR},
      </if>
      <if test="record.orderStatus != null">
        ORDER_STATUS = #{record.orderStatus,jdbcType=INTEGER},
      </if>
      <if test="record.status != null">
        STATUS = #{record.status,jdbcType=INTEGER},
      </if>
      <if test="record.createTime != null">
        CREATE_TIME = #{record.createTime,jdbcType=DATE},
      </if>
      <if test="record.updateTime != null">
        UPDATE_TIME = #{record.updateTime,jdbcType=DATE},
      </if>
      <if test="record.remark != null">
        REMARK = #{record.remark,jdbcType=VARCHAR},
      </if>
    </set>
    <if test="_parameter != null">
      <include refid="Update_By_Example_Where_Clause" />
    </if>
  </update>
  <update id="updateByExample" parameterType="map">
    update order_table
    set ORDER_ID = #{record.orderId,jdbcType=VARCHAR},
      ID = #{record.id,jdbcType=INTEGER},
      USER_NAME = #{record.userName,jdbcType=VARCHAR},
      SHIPP_ADDRE = #{record.shippAddre,jdbcType=VARCHAR},
      SHIPP_PHONE = #{record.shippPhone,jdbcType=VARCHAR},
      PAY_METHOD = #{record.payMethod,jdbcType=VARCHAR},
      FREIGHT = #{record.freight,jdbcType=INTEGER},
      CONSIGNEE_NAME = #{record.consigneeName,jdbcType=VARCHAR},
      RECE_ADDR = #{record.receAddr,jdbcType=VARCHAR},
      RECE_PHONE = #{record.recePhone,jdbcType=VARCHAR},
      ORDER_STATUS = #{record.orderStatus,jdbcType=INTEGER},
      STATUS = #{record.status,jdbcType=INTEGER},
      CREATE_TIME = #{record.createTime,jdbcType=DATE},
      UPDATE_TIME = #{record.updateTime,jdbcType=DATE},
      REMARK = #{record.remark,jdbcType=VARCHAR}
    <if test="_parameter != null">
      <include refid="Update_By_Example_Where_Clause" />
    </if>
  </update>
  <update id="updateByPrimaryKeySelective" parameterType="com.yyk.entity.SysOrder">
    update order_table
    <set>
      <if test="id != null">
        ID = #{id,jdbcType=INTEGER},
      </if>
      <if test="userName != null">
        USER_NAME = #{userName,jdbcType=VARCHAR},
      </if>
      <if test="shippAddre != null">
        SHIPP_ADDRE = #{shippAddre,jdbcType=VARCHAR},
      </if>
      <if test="shippPhone != null">
        SHIPP_PHONE = #{shippPhone,jdbcType=VARCHAR},
      </if>
      <if test="payMethod != null">
        PAY_METHOD = #{payMethod,jdbcType=VARCHAR},
      </if>
      <if test="freight != null">
        FREIGHT = #{freight,jdbcType=INTEGER},
      </if>
      <if test="consigneeName != null">
        CONSIGNEE_NAME = #{consigneeName,jdbcType=VARCHAR},
      </if>
      <if test="receAddr != null">
        RECE_ADDR = #{receAddr,jdbcType=VARCHAR},
      </if>
      <if test="recePhone != null">
        RECE_PHONE = #{recePhone,jdbcType=VARCHAR},
      </if>
      <if test="orderStatus != null">
        ORDER_STATUS = #{orderStatus,jdbcType=INTEGER},
      </if>
      <if test="status != null">
        STATUS = #{status,jdbcType=INTEGER},
      </if>
      <if test="createTime != null">
        CREATE_TIME = #{createTime,jdbcType=DATE},
      </if>
      <if test="updateTime != null">
        UPDATE_TIME = #{updateTime,jdbcType=DATE},
      </if>
      <if test="remark != null">
        REMARK = #{remark,jdbcType=VARCHAR},
      </if>
    </set>
    where ORDER_ID = #{orderId,jdbcType=VARCHAR}
  </update>
  <update id="updateByPrimaryKey" parameterType="com.yyk.entity.SysOrder">
    update order_table
    set ID = #{id,jdbcType=INTEGER},
      USER_NAME = #{userName,jdbcType=VARCHAR},
      SHIPP_ADDRE = #{shippAddre,jdbcType=VARCHAR},
      SHIPP_PHONE = #{shippPhone,jdbcType=VARCHAR},
      PAY_METHOD = #{payMethod,jdbcType=VARCHAR},
      FREIGHT = #{freight,jdbcType=INTEGER},
      CONSIGNEE_NAME = #{consigneeName,jdbcType=VARCHAR},
      RECE_ADDR = #{receAddr,jdbcType=VARCHAR},
      RECE_PHONE = #{recePhone,jdbcType=VARCHAR},
      ORDER_STATUS = #{orderStatus,jdbcType=INTEGER},
      STATUS = #{status,jdbcType=INTEGER},
      CREATE_TIME = #{createTime,jdbcType=DATE},
      UPDATE_TIME = #{updateTime,jdbcType=DATE},
      REMARK = #{remark,jdbcType=VARCHAR}
    where ORDER_ID = #{orderId,jdbcType=VARCHAR}
  </update>
  
  
  <select id="selectByExampleNew" parameterType="com.yyk.entity.SysOrderCriteria" resultMap="BaseResultMapNew">
  select o.ORDER_ID,b1.DATA_NAME PAY_METHOD_NAME,o.FREIGHT,b.DATA_NAME ORDER_STATUS_NAME , o.ORDER_STATUS ORDER_STATUS from(
    select
    <if test="distinct">
      distinct
    </if>
    'true' as QUERYID,
    <include refid="Base_Column_List" />
    from order_table
    <if test="_parameter != null">
      <include refid="Example_Where_Clause" />
    </if>
    <if test="orderByClause != null">
      order by ${orderByClause}
    </if>)o
    LEFT JOIN base_code  b on o.ORDER_STATUS=b.`CODE` and b.CODE_TYPE='ORDERSTATUS'
    LEFT JOIN base_code  b1 on o.PAY_METHOD=b1.`CODE` and b1.CODE_TYPE='PEYMETHOD'
  </select>
</mapper>