<?xml version="1.0" encoding="UTF-8"?>
<!DOCTYPE mapper PUBLIC "-//mybatis.org//DTD Mapper 3.0//EN" "http://mybatis.org/dtd/mybatis-3-mapper.dtd">
<mapper namespace="com.yyk.dao.SysUserMapper">
  <resultMap id="BaseResultMap" type="com.yyk.entity.SysUser">
    <id column="USER_ID" jdbcType="VARCHAR" property="userId" />
    <result column="ID" jdbcType="INTEGER" property="id" />
    <result column="USER_NAME" jdbcType="VARCHAR" property="userName" />
    <result column="USER_PHONE" jdbcType="VARCHAR" property="userPhone" />
    <result column="ADDR" jdbcType="VARCHAR" property="addr" />
    <result column="STATUS" jdbcType="INTEGER" property="status" />
    <result column="CREATE_TIME" jdbcType="DATE" property="createTime" />
    <result column="UPDATE_TIME" jdbcType="DATE" property="updateTime" />
    <result column="REMARK" jdbcType="VARCHAR" property="remark" />
  </resultMap>
  <sql id="Example_Where_Clause">
    <where>
      <foreach collection="oredCriteria" item="criteria" separator="or">
        <if test="criteria.valid">
          <trim prefix="(" prefixOverrides="and" suffix=")">
            <foreach collection="criteria.criteria" item="criterion">
              <choose>
                <when test="criterion.noValue">
                  and ${criterion.condition}
                </when>
                <when test="criterion.singleValue">
                  and ${criterion.condition} #{criterion.value}
                </when>
                <when test="criterion.betweenValue">
                  and ${criterion.condition} #{criterion.value} and #{criterion.secondValue}
                </when>
                <when test="criterion.listValue">
                  and ${criterion.condition}
                  <foreach close=")" collection="criterion.value" item="listItem" open="(" separator=",">
                    #{listItem}
                  </foreach>
                </when>
              </choose>
            </foreach>
          </trim>
        </if>
      </foreach>
    </where>
  </sql>
  <sql id="Update_By_Example_Where_Clause">
    <where>
      <foreach collection="example.oredCriteria" item="criteria" separator="or">
        <if test="criteria.valid">
          <trim prefix="(" prefixOverrides="and" suffix=")">
            <foreach collection="criteria.criteria" item="criterion">
              <choose>
                <when test="criterion.noValue">
                  and ${criterion.condition}
                </when>
                <when test="criterion.singleValue">
                  and ${criterion.condition} #{criterion.value}
                </when>
                <when test="criterion.betweenValue">
                  and ${criterion.condition} #{criterion.value} and #{criterion.secondValue}
                </when>
                <when test="criterion.listValue">
                  and ${criterion.condition}
                  <foreach close=")" collection="criterion.value" item="listItem" open="(" separator=",">
                    #{listItem}
                  </foreach>
                </when>
              </choose>
            </foreach>
          </trim>
        </if>
      </foreach>
    </where>
  </sql>
  <sql id="Base_Column_List">
    USER_ID, ID, USER_NAME, USER_PHONE, ADDR, STATUS, CREATE_TIME, UPDATE_TIME, REMARK
  </sql>
  <select id="selectByExample" parameterType="com.yyk.entity.SysUserCriteria" resultMap="BaseResultMap">
    select
    <if test="distinct">
      distinct
    </if>
    'true' as QUERYID,
    <include refid="Base_Column_List" />
    from user_table
    <if test="_parameter != null">
      <include refid="Example_Where_Clause" />
    </if>
    <if test="orderByClause != null">
      order by ${orderByClause}
    </if>
  </select>
  <select id="selectByPrimaryKey" parameterType="java.lang.String" resultMap="BaseResultMap">
    select 
    <include refid="Base_Column_List" />
    from user_table
    where USER_ID = #{userId,jdbcType=VARCHAR}
  </select>
  <delete id="deleteByPrimaryKey" parameterType="java.lang.String">
    delete from user_table
    where USER_ID = #{userId,jdbcType=VARCHAR}
  </delete>
  <delete id="deleteByExample" parameterType="com.yyk.entity.SysUserCriteria">
    delete from user_table
    <if test="_parameter != null">
      <include refid="Example_Where_Clause" />
    </if>
  </delete>
  <insert id="insert" parameterType="com.yyk.entity.SysUser">
    insert into user_table (USER_ID, ID, USER_NAME, 
      USER_PHONE, ADDR, STATUS, 
      CREATE_TIME, UPDATE_TIME, REMARK
      )
    values (#{userId,jdbcType=VARCHAR}, #{id,jdbcType=INTEGER}, #{userName,jdbcType=VARCHAR}, 
      #{userPhone,jdbcType=VARCHAR}, #{addr,jdbcType=VARCHAR}, #{status,jdbcType=INTEGER}, 
      #{createTime,jdbcType=DATE}, #{updateTime,jdbcType=DATE}, #{remark,jdbcType=VARCHAR}
      )
  </insert>
  <insert id="insertSelective" parameterType="com.yyk.entity.SysUser">
    insert into user_table
    <trim prefix="(" suffix=")" suffixOverrides=",">
      <if test="userId != null">
        USER_ID,
      </if>
      <if test="id != null">
        ID,
      </if>
      <if test="userName != null">
        USER_NAME,
      </if>
      <if test="userPhone != null">
        USER_PHONE,
      </if>
      <if test="addr != null">
        ADDR,
      </if>
      <if test="status != null">
        STATUS,
      </if>
      <if test="createTime != null">
        CREATE_TIME,
      </if>
      <if test="updateTime != null">
        UPDATE_TIME,
      </if>
      <if test="remark != null">
        REMARK,
      </if>
    </trim>
    <trim prefix="values (" suffix=")" suffixOverrides=",">
      <if test="userId != null">
        #{userId,jdbcType=VARCHAR},
      </if>
      <if test="id != null">
        #{id,jdbcType=INTEGER},
      </if>
      <if test="userName != null">
        #{userName,jdbcType=VARCHAR},
      </if>
      <if test="userPhone != null">
        #{userPhone,jdbcType=VARCHAR},
      </if>
      <if test="addr != null">
        #{addr,jdbcType=VARCHAR},
      </if>
      <if test="status != null">
        #{status,jdbcType=INTEGER},
      </if>
      <if test="createTime != null">
        #{createTime,jdbcType=DATE},
      </if>
      <if test="updateTime != null">
        #{updateTime,jdbcType=DATE},
      </if>
      <if test="remark != null">
        #{remark,jdbcType=VARCHAR},
      </if>
    </trim>
  </insert>
  <select id="countByExample" parameterType="com.yyk.entity.SysUserCriteria" resultType="java.lang.Integer">
    select count(*) from user_table
    <if test="_parameter != null">
      <include refid="Example_Where_Clause" />
    </if>
  </select>
  <update id="updateByExampleSelective" parameterType="map">
    update user_table
    <set>
      <if test="record.userId != null">
        USER_ID = #{record.userId,jdbcType=VARCHAR},
      </if>
      <if test="record.id != null">
        ID = #{record.id,jdbcType=INTEGER},
      </if>
      <if test="record.userName != null">
        USER_NAME = #{record.userName,jdbcType=VARCHAR},
      </if>
      <if test="record.userPhone != null">
        USER_PHONE = #{record.userPhone,jdbcType=VARCHAR},
      </if>
      <if test="record.addr != null">
        ADDR = #{record.addr,jdbcType=VARCHAR},
      </if>
      <if test="record.status != null">
        STATUS = #{record.status,jdbcType=INTEGER},
      </if>
      <if test="record.createTime != null">
        CREATE_TIME = #{record.createTime,jdbcType=DATE},
      </if>
      <if test="record.updateTime != null">
        UPDATE_TIME = #{record.updateTime,jdbcType=DATE},
      </if>
      <if test="record.remark != null">
        REMARK = #{record.remark,jdbcType=VARCHAR},
      </if>
    </set>
    <if test="_parameter != null">
      <include refid="Update_By_Example_Where_Clause" />
    </if>
  </update>
  <update id="updateByExample" parameterType="map">
    update user_table
    set USER_ID = #{record.userId,jdbcType=VARCHAR},
      ID = #{record.id,jdbcType=INTEGER},
      USER_NAME = #{record.userName,jdbcType=VARCHAR},
      USER_PHONE = #{record.userPhone,jdbcType=VARCHAR},
      ADDR = #{record.addr,jdbcType=VARCHAR},
      STATUS = #{record.status,jdbcType=INTEGER},
      CREATE_TIME = #{record.createTime,jdbcType=DATE},
      UPDATE_TIME = #{record.updateTime,jdbcType=DATE},
      REMARK = #{record.remark,jdbcType=VARCHAR}
    <if test="_parameter != null">
      <include refid="Update_By_Example_Where_Clause" />
    </if>
  </update>
  <update id="updateByPrimaryKeySelective" parameterType="com.yyk.entity.SysUser">
    update user_table
    <set>
      <if test="id != null">
        ID = #{id,jdbcType=INTEGER},
      </if>
      <if test="userName != null">
        USER_NAME = #{userName,jdbcType=VARCHAR},
      </if>
      <if test="userPhone != null">
        USER_PHONE = #{userPhone,jdbcType=VARCHAR},
      </if>
      <if test="addr != null">
        ADDR = #{addr,jdbcType=VARCHAR},
      </if>
      <if test="status != null">
        STATUS = #{status,jdbcType=INTEGER},
      </if>
      <if test="createTime != null">
        CREATE_TIME = #{createTime,jdbcType=DATE},
      </if>
      <if test="updateTime != null">
        UPDATE_TIME = #{updateTime,jdbcType=DATE},
      </if>
      <if test="remark != null">
        REMARK = #{remark,jdbcType=VARCHAR},
      </if>
    </set>
    where USER_ID = #{userId,jdbcType=VARCHAR}
  </update>
  <update id="updateByPrimaryKey" parameterType="com.yyk.entity.SysUser">
    update user_table
    set ID = #{id,jdbcType=INTEGER},
      USER_NAME = #{userName,jdbcType=VARCHAR},
      USER_PHONE = #{userPhone,jdbcType=VARCHAR},
      ADDR = #{addr,jdbcType=VARCHAR},
      STATUS = #{status,jdbcType=INTEGER},
      CREATE_TIME = #{createTime,jdbcType=DATE},
      UPDATE_TIME = #{updateTime,jdbcType=DATE},
      REMARK = #{remark,jdbcType=VARCHAR}
    where USER_ID = #{userId,jdbcType=VARCHAR}
  </update>
  
 
  </mapper>