<?xml version="1.0" encoding="UTF-8" ?>
<!DOCTYPE mapper PUBLIC "-//mybatis.org//DTD Mapper 3.0//EN" "http://mybatis.org/dtd/mybatis-3-mapper.dtd" >
<mapper namespace="com.bakery.application.mapper.SysMenuMapper" >
  <resultMap id="BaseResultMap" type="com.bakery.application.entity.SysMenu" >
    <id column="ID" property="id" jdbcType="INTEGER" />
    <result column="DATA_CODE" property="dataCode" jdbcType="VARCHAR" />
    <result column="DATA_NAME" property="dataName" jdbcType="VARCHAR" />
    <result column="STATUS" property="status" jdbcType="INTEGER" />
    <result column="FUNCTION_NAME" property="functionName" jdbcType="VARCHAR" />
    <result column="CSS_ICON" property="cssIcon" jdbcType="VARCHAR" />
    <result column="SORT" property="sort" jdbcType="INTEGER" />
    <result column="REMARK" property="remark" jdbcType="VARCHAR" />
  </resultMap>
  <sql id="Example_Where_Clause" >
    <where >
      <foreach collection="oredCriteria" item="criteria" separator="or" >
        <if test="criteria.valid" >
          <trim prefix="(" suffix=")" prefixOverrides="and" >
            <foreach collection="criteria.criteria" item="criterion" >
              <choose >
                <when test="criterion.noValue" >
                  and ${criterion.condition}
                </when>
                <when test="criterion.singleValue" >
                  and ${criterion.condition} #{criterion.value}
                </when>
                <when test="criterion.betweenValue" >
                  and ${criterion.condition} #{criterion.value} and #{criterion.secondValue}
                </when>
                <when test="criterion.listValue" >
                  and ${criterion.condition}
                  <foreach collection="criterion.value" item="listItem" open="(" close=")" separator="," >
                    #{listItem}
                  </foreach>
                </when>
              </choose>
            </foreach>
          </trim>
        </if>
      </foreach>
    </where>
  </sql>
  <sql id="Update_By_Example_Where_Clause" >
    <where >
      <foreach collection="example.oredCriteria" item="criteria" separator="or" >
        <if test="criteria.valid" >
          <trim prefix="(" suffix=")" prefixOverrides="and" >
            <foreach collection="criteria.criteria" item="criterion" >
              <choose >
                <when test="criterion.noValue" >
                  and ${criterion.condition}
                </when>
                <when test="criterion.singleValue" >
                  and ${criterion.condition} #{criterion.value}
                </when>
                <when test="criterion.betweenValue" >
                  and ${criterion.condition} #{criterion.value} and #{criterion.secondValue}
                </when>
                <when test="criterion.listValue" >
                  and ${criterion.condition}
                  <foreach collection="criterion.value" item="listItem" open="(" close=")" separator="," >
                    #{listItem}
                  </foreach>
                </when>
              </choose>
            </foreach>
          </trim>
        </if>
      </foreach>
    </where>
  </sql>
  <sql id="Base_Column_List" >
    ID, DATA_CODE, DATA_NAME, STATUS, FUNCTION_NAME, CSS_ICON, SORT, REMARK
  </sql>
  <select id="selectByExample" resultMap="BaseResultMap" parameterType="com.bakery.application.entity.SysMenuCriteria" >
    select
    <if test="distinct" >
      distinct
    </if>
    'true' as QUERYID,
    <include refid="Base_Column_List" />
    from sys_menu
    <if test="_parameter != null" >
      <include refid="Example_Where_Clause" />
    </if>
    <if test="orderByClause != null" >
      order by ${orderByClause}
    </if>
  </select>
  <select id="selectByPrimaryKey" resultMap="BaseResultMap" parameterType="java.lang.Integer" >
    select 
    <include refid="Base_Column_List" />
    from sys_menu
    where ID = #{id,jdbcType=INTEGER}
  </select>
  <delete id="deleteByPrimaryKey" parameterType="java.lang.Integer" >
    delete from sys_menu
    where ID = #{id,jdbcType=INTEGER}
  </delete>
  <delete id="deleteByExample" parameterType="com.bakery.application.entity.SysMenuCriteria" >
    delete from sys_menu
    <if test="_parameter != null" >
      <include refid="Example_Where_Clause" />
    </if>
  </delete>
  <insert id="insert" parameterType="com.bakery.application.entity.SysMenu" >
    insert into sys_menu (ID, DATA_CODE, DATA_NAME, 
      STATUS, FUNCTION_NAME, CSS_ICON, 
      SORT, REMARK)
    values (#{id,jdbcType=INTEGER}, #{dataCode,jdbcType=VARCHAR}, #{dataName,jdbcType=VARCHAR}, 
      #{status,jdbcType=INTEGER}, #{functionName,jdbcType=VARCHAR}, #{cssIcon,jdbcType=VARCHAR}, 
      #{sort,jdbcType=INTEGER}, #{remark,jdbcType=VARCHAR})
  </insert>
  <insert id="insertSelective" parameterType="com.bakery.application.entity.SysMenu" >
    insert into sys_menu
    <trim prefix="(" suffix=")" suffixOverrides="," >
      <if test="id != null" >
        ID,
      </if>
      <if test="dataCode != null" >
        DATA_CODE,
      </if>
      <if test="dataName != null" >
        DATA_NAME,
      </if>
      <if test="status != null" >
        STATUS,
      </if>
      <if test="functionName != null" >
        FUNCTION_NAME,
      </if>
      <if test="cssIcon != null" >
        CSS_ICON,
      </if>
      <if test="sort != null" >
        SORT,
      </if>
      <if test="remark != null" >
        REMARK,
      </if>
    </trim>
    <trim prefix="values (" suffix=")" suffixOverrides="," >
      <if test="id != null" >
        #{id,jdbcType=INTEGER},
      </if>
      <if test="dataCode != null" >
        #{dataCode,jdbcType=VARCHAR},
      </if>
      <if test="dataName != null" >
        #{dataName,jdbcType=VARCHAR},
      </if>
      <if test="status != null" >
        #{status,jdbcType=INTEGER},
      </if>
      <if test="functionName != null" >
        #{functionName,jdbcType=VARCHAR},
      </if>
      <if test="cssIcon != null" >
        #{cssIcon,jdbcType=VARCHAR},
      </if>
      <if test="sort != null" >
        #{sort,jdbcType=INTEGER},
      </if>
      <if test="remark != null" >
        #{remark,jdbcType=VARCHAR},
      </if>
    </trim>
  </insert>
  <select id="countByExample" parameterType="com.bakery.application.entity.SysMenuCriteria" resultType="java.lang.Integer" >
    select count(*) from sys_menu
    <if test="_parameter != null" >
      <include refid="Example_Where_Clause" />
    </if>
  </select>
  <update id="updateByExampleSelective" parameterType="map" >
    update sys_menu
    <set >
      <if test="record.id != null" >
        ID = #{record.id,jdbcType=INTEGER},
      </if>
      <if test="record.dataCode != null" >
        DATA_CODE = #{record.dataCode,jdbcType=VARCHAR},
      </if>
      <if test="record.dataName != null" >
        DATA_NAME = #{record.dataName,jdbcType=VARCHAR},
      </if>
      <if test="record.status != null" >
        STATUS = #{record.status,jdbcType=INTEGER},
      </if>
      <if test="record.functionName != null" >
        FUNCTION_NAME = #{record.functionName,jdbcType=VARCHAR},
      </if>
      <if test="record.cssIcon != null" >
        CSS_ICON = #{record.cssIcon,jdbcType=VARCHAR},
      </if>
      <if test="record.sort != null" >
        SORT = #{record.sort,jdbcType=INTEGER},
      </if>
      <if test="record.remark != null" >
        REMARK = #{record.remark,jdbcType=VARCHAR},
      </if>
    </set>
    <if test="_parameter != null" >
      <include refid="Update_By_Example_Where_Clause" />
    </if>
  </update>
  <update id="updateByExample" parameterType="map" >
    update sys_menu
    set ID = #{record.id,jdbcType=INTEGER},
      DATA_CODE = #{record.dataCode,jdbcType=VARCHAR},
      DATA_NAME = #{record.dataName,jdbcType=VARCHAR},
      STATUS = #{record.status,jdbcType=INTEGER},
      FUNCTION_NAME = #{record.functionName,jdbcType=VARCHAR},
      CSS_ICON = #{record.cssIcon,jdbcType=VARCHAR},
      SORT = #{record.sort,jdbcType=INTEGER},
      REMARK = #{record.remark,jdbcType=VARCHAR}
    <if test="_parameter != null" >
      <include refid="Update_By_Example_Where_Clause" />
    </if>
  </update>
  <update id="updateByPrimaryKeySelective" parameterType="com.bakery.application.entity.SysMenu" >
    update sys_menu
    <set >
      <if test="dataCode != null" >
        DATA_CODE = #{dataCode,jdbcType=VARCHAR},
      </if>
      <if test="dataName != null" >
        DATA_NAME = #{dataName,jdbcType=VARCHAR},
      </if>
      <if test="status != null" >
        STATUS = #{status,jdbcType=INTEGER},
      </if>
      <if test="functionName != null" >
        FUNCTION_NAME = #{functionName,jdbcType=VARCHAR},
      </if>
      <if test="cssIcon != null" >
        CSS_ICON = #{cssIcon,jdbcType=VARCHAR},
      </if>
      <if test="sort != null" >
        SORT = #{sort,jdbcType=INTEGER},
      </if>
      <if test="remark != null" >
        REMARK = #{remark,jdbcType=VARCHAR},
      </if>
    </set>
    where ID = #{id,jdbcType=INTEGER}
  </update>
  <update id="updateByPrimaryKey" parameterType="com.bakery.application.entity.SysMenu" >
    update sys_menu
    set DATA_CODE = #{dataCode,jdbcType=VARCHAR},
      DATA_NAME = #{dataName,jdbcType=VARCHAR},
      STATUS = #{status,jdbcType=INTEGER},
      FUNCTION_NAME = #{functionName,jdbcType=VARCHAR},
      CSS_ICON = #{cssIcon,jdbcType=VARCHAR},
      SORT = #{sort,jdbcType=INTEGER},
      REMARK = #{remark,jdbcType=VARCHAR}
    where ID = #{id,jdbcType=INTEGER}
  </update>
</mapper>